{
  "作者": "",
  "站名": "莫扎兔",
  "分类": "华语高清&日韩精选&欧美MV&高清现场&影视MV&夜店视频&车模视频&热舞视频&美女写真&美女打碟",
  "分类值": "1&2&3&4&5&6&7&8&9&10",
  "嗅探词":".m3u8",
  "直接播放":"1",
  "分类url": "https://www.kuqimv.com/play/{cateId}_{catePg}.html",
  "数组": "class=\"name&&/a>",
  "标题":"title=\"&&\"",
  "副标题":"target=\"play\">&&<",
  "图片":"https://api.caonm.net/api/mc/",
  "搜索模式": "1",
  "搜索url":"https://www.kuqimv.com/search.php?key={wd}"
}